{
	"pattrstorage" : 	{
		"name" : "pat",
		"slots" : 		{
			"1000" : 			{
				"id" : 1000,
				"data" : 				{
					"inputs~" : [ "in(2)", "delay(4)" ],
					"delays" : [ 0.922848664688427, 0.821958456973294, 0.928783382789317, 0.884272997032641 ],
					"average" : [ 0.068548387096774, 0.056451612903226 ],
					"smooth" : [ 0.455645161290323, 0.391129032258065 ],
					"hp" : [ 0.252173913043478, 0.252173913043478 ],
					"lp" : [ 0.921739130434783, 0.921739130434783 ],
					"del_ramp" : [ 0.0 ],
					"noise" : [ 0.826086956521739 ],
					"pans" : [ 0.029851000756025, 0.0, 1.0, 1.0 ],
					"presets" : [ 0 ],
					"preset-ramp" : [ 0.0 ],
					"title_menu" : [ "subpatch" ],
					"pres_menu" : [ "write" ],
					"tetris_menu" : [ "" ],
					"master" : [ 0 ],
					"act::active_store" : [ "_" ],
					"ll.blues::levels" : [ 2.51335856711064, 2.51335856711064, 0.055172413793103, 0, 10, 0, 0.5 ],
					"ll.blues::outputs" : [ "ho_st1~out.1", "no~-no-" ],
					"ll.blues::state" : [ 2, 1, 0, 0, 2, 0 ]
				}

			}

		}
,
		"clientstate" : 		{
			"active" : 			{
				"presets" : 0,
				"preset-ramp" : 0,
				"title_menu" : 0,
				"pres_menu" : 0,
				"tetris_menu" : 0,
				"master" : 0,
				"act::active_store" : 0,
				"ll.blues" : 0,
				"ll.blues::levels" : 0,
				"ll.blues::outputs" : 0,
				"ll.blues::state" : 0
			}

		}

	}

}
