{
	"pattrstorage" : 	{
		"name" : "pat",
		"slots" : 		{
			"1000" : 			{
				"id" : 1000,
				"data" : 				{
					"inputs~" : [ "freq(1)", "freq_rel(1)", "sync_in(1)", "ring(1)" ],
					"unipolar" : [ 0 ],
					"freq" : [ 0.007849802370401 ],
					"hz-ms-switch" : [ "Hz" ],
					"size" : [ 511 ],
					"wave-calc" : [ "random" ],
					"waves" : [ "-no-" ],
					"buffer-menu" : [ "mod.native" ],
					"on/off" : [ 1 ],
					"low" : [ 90.0 ],
					"link-lo-hi" : [ 0 ],
					"high" : [ 604.0 ],
					"log" : [ 0.0 ],
					"syncto" : [ "sync-off" ],
					"rate" : [ 10.0 ],
					"ring_in" : [ 0 ],
					"interpolate" : [ 0 ],
					"loop" : [ 1 ],
					"settriggermode" : [ -1 ],
					"trigger" : [ -1 ],
					"mes/sig" : [ 0.0 ],
					"act_menu" : [ "flop1" ],
					"par_menu" : [ "length" ],
					"list_param_item" : [ 1 ],
					"smooth_amt" : [ 0 ],
					"endsmooth" : [ 1 ],
					"smooth" : [ -1 ],
					"speedlim" : [ 0 ],
					"get!" : [ -1 ],
					"ramp" : [ 0 ],
					"rand_table" : [ 0 ],
					"presets" : [ 0 ],
					"preset-ramp" : [ 0 ],
					"title_menu" : [ "subpatch" ],
					"pres_menu" : [ "write" ],
					"tetris_menu" : [ "" ],
					"master" : [ 0 ],
					"low-slider-min" : [ 0.0 ],
					"low-slider-max" : [ 1.0 ],
					"high-slider-min" : [ 0.0 ],
					"high-slider-max" : [ 1.0 ],
					"freq_Hz" : [ 0.007849802370401 ],
					"wf_p" : [ 0.760500013828278, 0.17849999666214, 0.482199996709824, 0.255800008773804, 0.610099971294403, 0.864400029182434, 0.91619998216629, 0.881900012493134, 0.920400023460388, 0.360500007867813, 0.571699976921082, 0.292699992656708, 0.907800018787384, 0.752399981021881, 0.150299996137619, 0.405699998140335, 0.458299994468689, 0.628499984741211, 0.878700017929077, 0.725000023841858, 0.07150000333786, 0.767599999904633, 0.393900007009506, 0.848699986934662, 0.045099999755621, 0.641700029373169, 0.151399999856949, 0.473300009965897, 0.592499971389771, 0.398799985647202, 0.803799986839294, 0.924700021743774, 0.942799985408783, 0.580699980258942, 0.986899971961975, 0.098800003528595, 0.31470000743866, 0.865199983119965, 0.031300000846386, 0.344999998807907, 0.086099997162819, 0.820200026035309, 0.617799997329712, 0.89520001411438, 0.963599979877472, 0.782599985599518, 0.587000012397766, 0.303200006484985, 0.751699984073639, 0.497000008821487, 0.638999998569489, 0.054900001734495, 0.228699997067451, 0.943099975585938, 0.331000000238419, 0.809000015258789, 0.84060001373291, 0.380899995565414, 0.353500008583069, 0.38280001282692, 0.191300004720688, 0.101199999451637, 0.187199994921684, 0.674700021743774, 0.123999997973442, 0.316199988126755, 0.107500001788139, 0.853799998760223, 0.890600025653839, 0.897300004959106, 0.535899996757507, 0.813899993896484, 0.697700023651123, 0.048500001430511, 0.058400001376867, 0.409099996089935, 0.513499975204468, 0.680299997329712, 0.972199976444244, 0.233700007200241, 0.855799973011017, 0.783800005912781, 0.167199999094009, 0.018699999898672, 0.950999975204468, 0.553399980068207, 0.536300003528595, 0.908100008964539, 0.152799993753433, 0.939100027084351, 0.356700003147125, 0.692600011825562, 0.96340000629425, 0.016000000759959, 0.409999996423721, 0.330000013113022, 0.192499995231628, 0.945299983024597, 0.80460000038147, 0.845499992370605, 0.649699985980988, 0.941500008106232, 0.331099987030029, 0.537299990653992, 0.870500028133392, 0.442099988460541, 0.816299974918365, 0.539600014686584, 0.24940000474453, 0.225999996066093, 0.718699991703033, 0.370299994945526, 0.788399994373322, 0.52240002155304, 0.964200019836426, 0.406899988651276, 0.178399994969368, 0.545400023460388, 0.874199986457825, 0.803399980068207, 0.000399999989895, 0.211600005626678, 0.10249999910593, 0.776600003242493, 0.522000014781952, 0.05180000141263, 0.356000006198883, 0.949400007724762, 0.783800005912781, 0.135600000619888, 0.769299983978271, 0.032200001180172, 0.63129997253418, 0.137799993157387, 0.580999970436096, 0.297500014305115, 0.000300000014249, 0.900099992752075, 0.310799986124039, 0.651199996471405, 0.981599986553192, 0.744499981403351, 0.544099986553192, 0.586000025272369, 0.936299979686737, 0.828599989414215, 0.175899997353554, 0.735700011253357, 0.568499982357025, 0.334300011396408, 0.248400002717972, 0.001700000022538, 0.062199998646975, 0.964600026607513, 0.738099992275238, 0.014999999664724, 0.301800012588501, 0.989400029182434, 0.05350000038743, 0.881399989128113, 0.410600006580353, 0.259200006723404, 0.312400013208389, 0.639599978923798, 0.04839999973774, 0.655600011348724, 0.050999999046326, 0.651400029659271, 0.204999998211861, 0.04450000077486, 0.297300010919571, 0.310900002717972, 0.226500004529953, 0.997099995613098, 0.545300006866455, 0.146699994802475, 0.31920000910759, 0.666499972343445, 0.908500015735626, 0.33840000629425, 0.249899998307228, 0.054099999368191, 0.552799999713898, 0.012400000356138, 0.569599986076355, 0.261999994516373, 0.735599994659424, 0.256300002336502, 0.955200016498566, 0.496100008487701, 0.0929000005126, 0.962700009346008, 0.895500004291534, 0.303299993276596, 0.915600001811981, 0.575399994850159, 0.698400020599365, 0.32710000872612, 0.469799995422363, 0.397000014781952, 0.013700000010431, 0.292600005865097, 0.859000027179718, 0.506500005722046, 0.159999996423721, 0.324000000953674, 0.907999992370605, 0.912899971008301, 0.549000024795532, 0.11879999935627, 0.122400000691414, 0.340400010347366, 0.173199996352196, 0.029500000178814, 0.839699983596802, 0.674600005149841, 0.100500002503395, 0.624899983406067, 0.480699986219406, 0.275499999523163, 0.994000017642975, 0.769200026988983, 0.098600000143051, 0.885800004005432, 0.834100008010864, 0.369300007820129, 0.397300004959106, 0.676800012588501, 0.19370000064373, 0.695200026035309, 0.67519998550415, 0.819199979305267, 0.348300009965897, 0.454899996519089, 0.425000011920929, 0.624800026416779, 0.891099989414215, 0.808300018310547, 0.521499991416931, 0.216000005602837, 0.195999994874001, 0.638499975204468, 0.434399992227554, 0.126000002026558, 0.159799993038177, 0.438499987125397, 0.93529999256134, 0.930000007152557, 0.957799971103668, 0.880999982357025, 0.294600009918213, 0.74260002374649, 0.324600011110306, 0.805599987506866, 0.891700029373169, 0.491600006818771, 0.93120002746582, 0.340799987316132, 0.424899995326996, 0.679899990558624, 0.912999987602234, 0.532500028610229, 0.330799996852875, 0.157499998807907, 0.836399972438812, 0.120999999344349, 0.39300000667572, 0.160899996757507, 0.409799993038177, 0.993499994277954, 0.430500000715256, 0.024599999189377, 0.074299998581409, 0.630599975585938, 0.681699991226196, 0.467599987983704, 0.324600011110306, 0.331099987030029, 0.969200015068054, 0.820800006389618, 0.236900001764297, 0.13570000231266, 0.564499974250793, 0.010900000110269, 0.696200013160706, 0.465799987316132, 0.501800000667572, 0.19310000538826, 0.472900003194809, 0.923200011253357, 0.507799983024597, 0.876399993896484, 0.733399987220764, 0.597699999809265, 0.753600001335144, 0.005799999926239, 0.095799997448921, 0.259299993515015, 0.319700002670288, 0.201100006699562, 0.514999985694885, 0.600499987602234, 0.485100001096725, 0.268999993801117, 0.279000014066696, 0.944100022315979, 0.46110001206398, 0.77700001001358, 0.318500012159348, 0.861699998378754, 0.228799998760223, 0.876399993896484, 0.869599997997284, 0.064499996602535, 0.495000004768372, 0.581700026988983, 0.458700001239777, 0.151099994778633, 0.086499996483326, 0.04839999973774, 0.051500000059605, 0.315499991178513, 0.916700005531311, 0.110399998724461, 0.94760000705719, 0.89520001411438, 0.960900008678436, 0.297100007534027, 0.931599974632263, 0.839999973773956, 0.780799984931946, 0.219400003552437, 0.456099987030029, 0.311899989843369, 0.888400018215179, 0.858699977397919, 0.597199976444244, 0.163599997758865, 0.454699993133545, 0.153099998831749, 0.195099994540215, 0.919399976730347, 0.902300000190735, 0.25780001282692, 0.587199985980988, 0.029999999329448, 0.679400026798248, 0.069799996912479, 0.539099991321564, 0.084100000560284, 0.77020001411438, 